T,d,phase
0.1,1.0,1D-like
0.202,1.0,1D-like
0.304,1.0,1D-like
0.406,1.0,1D-like
0.508,1.0,1D-like
0.61,1.0,1D-like
0.712,1.0,1D-like
0.814,1.0,1D-like
0.916,1.0,1D-like
1.018,1.0,1D-like
1.12,1.0,1D-like
1.222,1.0,1D-like
1.324,1.0,1D-like
1.427,1.0,1D-like
1.529,1.0,1D-like
1.631,1.0,1D-like
1.733,1.0,1D-like
1.835,1.0,1D-like
1.937,1.0,1D-like
2.039,1.0,1D-like
2.141,1.0,1D-like
2.243,1.0,1D-like
2.345,1.0,1D-like
2.447,1.0,1D-like
2.549,1.0,1D-like
2.651,1.0,1D-like
2.753,1.0,1D-like
2.855,1.0,1D-like
2.957,1.0,1D-like
3.059,1.0,1D-like
3.161,1.0,1D-like
3.263,1.0,1D-like
3.365,1.0,1D-like
3.467,1.0,1D-like
3.569,1.0,1D-like
3.671,1.0,1D-like
3.773,1.0,1D-like
3.876,1.0,1D-like
3.978,1.0,1D-like
4.08,1.0,1D-like
4.182,1.0,1D-like
4.284,1.0,1D-like
4.386,1.0,1D-like
4.488,1.0,1D-like
4.59,1.0,1D-like
4.692,1.0,1D-like
4.794,1.0,1D-like
4.896,1.0,1D-like
4.998,1.0,1D-like
5.1,1.0,1D-like
0.1,1.071,1D-like
0.202,1.071,1D-like
0.304,1.071,1D-like
0.406,1.071,1D-like
0.508,1.071,1D-like
0.61,1.071,1D-like
0.712,1.071,1D-like
0.814,1.071,1D-like
0.916,1.071,1D-like
1.018,1.071,1D-like
1.12,1.071,1D-like
1.222,1.071,1D-like
1.324,1.071,1D-like
1.427,1.071,1D-like
1.529,1.071,1D-like
1.631,1.071,1D-like
1.733,1.071,1D-like
1.835,1.071,1D-like
1.937,1.071,1D-like
2.039,1.071,1D-like
2.141,1.071,1D-like
2.243,1.071,1D-like
2.345,1.071,1D-like
2.447,1.071,1D-like
2.549,1.071,1D-like
2.651,1.071,1D-like
2.753,1.071,1D-like
2.855,1.071,1D-like
2.957,1.071,1D-like
3.059,1.071,1D-like
3.161,1.071,1D-like
3.263,1.071,1D-like
3.365,1.071,1D-like
3.467,1.071,1D-like
3.569,1.071,1D-like
3.671,1.071,1D-like
3.773,1.071,1D-like
3.876,1.071,1D-like
3.978,1.071,1D-like
4.08,1.071,1D-like
4.182,1.071,1D-like
4.284,1.071,1D-like
4.386,1.071,1D-like
4.488,1.071,1D-like
4.59,1.071,1D-like
4.692,1.071,1D-like
4.794,1.071,1D-like
4.896,1.071,1D-like
4.998,1.071,1D-like
5.1,1.071,1D-like
0.1,1.143,1D-like
0.202,1.143,1D-like
0.304,1.143,1D-like
0.406,1.143,1D-like
0.508,1.143,1D-like
0.61,1.143,1D-like
0.712,1.143,1D-like
0.814,1.143,1D-like
0.916,1.143,1D-like
1.018,1.143,1D-like
1.12,1.143,1D-like
1.222,1.143,1D-like
1.324,1.143,1D-like
1.427,1.143,1D-like
1.529,1.143,1D-like
1.631,1.143,1D-like
1.733,1.143,1D-like
1.835,1.143,1D-like
1.937,1.143,1D-like
2.039,1.143,1D-like
2.141,1.143,1D-like
2.243,1.143,1D-like
2.345,1.143,1D-like
2.447,1.143,1D-like
2.549,1.143,1D-like
2.651,1.143,1D-like
2.753,1.143,1D-like
2.855,1.143,1D-like
2.957,1.143,1D-like
3.059,1.143,1D-like
3.161,1.143,1D-like
3.263,1.143,1D-like
3.365,1.143,1D-like
3.467,1.143,1D-like
3.569,1.143,1D-like
3.671,1.143,1D-like
3.773,1.143,1D-like
3.876,1.143,1D-like
3.978,1.143,1D-like
4.08,1.143,1D-like
4.182,1.143,1D-like
4.284,1.143,1D-like
4.386,1.143,1D-like
4.488,1.143,1D-like
4.59,1.143,1D-like
4.692,1.143,1D-like
4.794,1.143,1D-like
4.896,1.143,1D-like
4.998,1.143,1D-like
5.1,1.143,1D-like
0.1,1.214,1D-like
0.202,1.214,1D-like
0.304,1.214,1D-like
0.406,1.214,1D-like
0.508,1.214,1D-like
0.61,1.214,1D-like
0.712,1.214,1D-like
0.814,1.214,1D-like
0.916,1.214,1D-like
1.018,1.214,1D-like
1.12,1.214,1D-like
1.222,1.214,1D-like
1.324,1.214,1D-like
1.427,1.214,1D-like
1.529,1.214,1D-like
1.631,1.214,1D-like
1.733,1.214,1D-like
1.835,1.214,1D-like
1.937,1.214,1D-like
2.039,1.214,1D-like
2.141,1.214,1D-like
2.243,1.214,1D-like
2.345,1.214,1D-like
2.447,1.214,1D-like
2.549,1.214,1D-like
2.651,1.214,1D-like
2.753,1.214,1D-like
2.855,1.214,1D-like
2.957,1.214,1D-like
3.059,1.214,1D-like
3.161,1.214,1D-like
3.263,1.214,1D-like
3.365,1.214,1D-like
3.467,1.214,1D-like
3.569,1.214,1D-like
3.671,1.214,1D-like
3.773,1.214,1D-like
3.876,1.214,1D-like
3.978,1.214,1D-like
4.08,1.214,1D-like
4.182,1.214,1D-like
4.284,1.214,1D-like
4.386,1.214,1D-like
4.488,1.214,1D-like
4.59,1.214,1D-like
4.692,1.214,1D-like
4.794,1.214,1D-like
4.896,1.214,1D-like
4.998,1.214,1D-like
5.1,1.214,1D-like
0.1,1.286,1D-like
0.202,1.286,1D-like
0.304,1.286,1D-like
0.406,1.286,1D-like
0.508,1.286,1D-like
0.61,1.286,1D-like
0.712,1.286,1D-like
0.814,1.286,1D-like
0.916,1.286,1D-like
1.018,1.286,1D-like
1.12,1.286,1D-like
1.222,1.286,1D-like
1.324,1.286,1D-like
1.427,1.286,1D-like
1.529,1.286,1D-like
1.631,1.286,1D-like
1.733,1.286,1D-like
1.835,1.286,1D-like
1.937,1.286,1D-like
2.039,1.286,1D-like
2.141,1.286,1D-like
2.243,1.286,1D-like
2.345,1.286,1D-like
2.447,1.286,1D-like
2.549,1.286,1D-like
2.651,1.286,1D-like
2.753,1.286,1D-like
2.855,1.286,1D-like
2.957,1.286,1D-like
3.059,1.286,1D-like
3.161,1.286,1D-like
3.263,1.286,1D-like
3.365,1.286,1D-like
3.467,1.286,1D-like
3.569,1.286,1D-like
3.671,1.286,1D-like
3.773,1.286,1D-like
3.876,1.286,1D-like
3.978,1.286,1D-like
4.08,1.286,1D-like
4.182,1.286,1D-like
4.284,1.286,1D-like
4.386,1.286,1D-like
4.488,1.286,1D-like
4.59,1.286,1D-like
4.692,1.286,1D-like
4.794,1.286,1D-like
4.896,1.286,1D-like
4.998,1.286,1D-like
5.1,1.286,1D-like
0.1,1.357,1D-like
0.202,1.357,1D-like
0.304,1.357,1D-like
0.406,1.357,1D-like
0.508,1.357,1D-like
0.61,1.357,1D-like
0.712,1.357,1D-like
0.814,1.357,1D-like
0.916,1.357,1D-like
1.018,1.357,1D-like
1.12,1.357,1D-like
1.222,1.357,1D-like
1.324,1.357,1D-like
1.427,1.357,1D-like
1.529,1.357,1D-like
1.631,1.357,1D-like
1.733,1.357,1D-like
1.835,1.357,1D-like
1.937,1.357,1D-like
2.039,1.357,1D-like
2.141,1.357,1D-like
2.243,1.357,1D-like
2.345,1.357,1D-like
2.447,1.357,1D-like
2.549,1.357,1D-like
2.651,1.357,1D-like
2.753,1.357,1D-like
2.855,1.357,1D-like
2.957,1.357,1D-like
3.059,1.357,1D-like
3.161,1.357,1D-like
3.263,1.357,1D-like
3.365,1.357,1D-like
3.467,1.357,1D-like
3.569,1.357,1D-like
3.671,1.357,1D-like
3.773,1.357,1D-like
3.876,1.357,1D-like
3.978,1.357,1D-like
4.08,1.357,1D-like
4.182,1.357,1D-like
4.284,1.357,1D-like
4.386,1.357,1D-like
4.488,1.357,1D-like
4.59,1.357,1D-like
4.692,1.357,1D-like
4.794,1.357,1D-like
4.896,1.357,1D-like
4.998,1.357,1D-like
5.1,1.357,1D-like
0.1,1.429,1D-like
0.202,1.429,1D-like
0.304,1.429,1D-like
0.406,1.429,1D-like
0.508,1.429,1D-like
0.61,1.429,1D-like
0.712,1.429,1D-like
0.814,1.429,1D-like
0.916,1.429,1D-like
1.018,1.429,1D-like
1.12,1.429,1D-like
1.222,1.429,1D-like
1.324,1.429,1D-like
1.427,1.429,1D-like
1.529,1.429,1D-like
1.631,1.429,1D-like
1.733,1.429,1D-like
1.835,1.429,1D-like
1.937,1.429,1D-like
2.039,1.429,1D-like
2.141,1.429,1D-like
2.243,1.429,1D-like
2.345,1.429,1D-like
2.447,1.429,1D-like
2.549,1.429,1D-like
2.651,1.429,1D-like
2.753,1.429,1D-like
2.855,1.429,1D-like
2.957,1.429,1D-like
3.059,1.429,1D-like
3.161,1.429,1D-like
3.263,1.429,1D-like
3.365,1.429,1D-like
3.467,1.429,1D-like
3.569,1.429,1D-like
3.671,1.429,1D-like
3.773,1.429,1D-like
3.876,1.429,1D-like
3.978,1.429,1D-like
4.08,1.429,1D-like
4.182,1.429,1D-like
4.284,1.429,1D-like
4.386,1.429,1D-like
4.488,1.429,1D-like
4.59,1.429,1D-like
4.692,1.429,1D-like
4.794,1.429,1D-like
4.896,1.429,1D-like
4.998,1.429,1D-like
5.1,1.429,1D-like
0.1,1.5,1D-like
0.202,1.5,1D-like
0.304,1.5,1D-like
0.406,1.5,1D-like
0.508,1.5,1D-like
0.61,1.5,1D-like
0.712,1.5,1D-like
0.814,1.5,1D-like
0.916,1.5,1D-like
1.018,1.5,1D-like
1.12,1.5,1D-like
1.222,1.5,1D-like
1.324,1.5,1D-like
1.427,1.5,1D-like
1.529,1.5,1D-like
1.631,1.5,1D-like
1.733,1.5,1D-like
1.835,1.5,1D-like
1.937,1.5,1D-like
2.039,1.5,1D-like
2.141,1.5,1D-like
2.243,1.5,1D-like
2.345,1.5,1D-like
2.447,1.5,1D-like
2.549,1.5,1D-like
2.651,1.5,1D-like
2.753,1.5,1D-like
2.855,1.5,1D-like
2.957,1.5,1D-like
3.059,1.5,1D-like
3.161,1.5,1D-like
3.263,1.5,1D-like
3.365,1.5,1D-like
3.467,1.5,1D-like
3.569,1.5,1D-like
3.671,1.5,1D-like
3.773,1.5,1D-like
3.876,1.5,1D-like
3.978,1.5,1D-like
4.08,1.5,1D-like
4.182,1.5,1D-like
4.284,1.5,1D-like
4.386,1.5,1D-like
4.488,1.5,1D-like
4.59,1.5,1D-like
4.692,1.5,1D-like
4.794,1.5,1D-like
4.896,1.5,1D-like
4.998,1.5,1D-like
5.1,1.5,1D-like
0.1,1.571,1D-like
0.202,1.571,1D-like
0.304,1.571,1D-like
0.406,1.571,1D-like
0.508,1.571,1D-like
0.61,1.571,1D-like
0.712,1.571,1D-like
0.814,1.571,1D-like
0.916,1.571,1D-like
1.018,1.571,1D-like
1.12,1.571,1D-like
1.222,1.571,1D-like
1.324,1.571,1D-like
1.427,1.571,1D-like
1.529,1.571,1D-like
1.631,1.571,1D-like
1.733,1.571,1D-like
1.835,1.571,1D-like
1.937,1.571,1D-like
2.039,1.571,1D-like
2.141,1.571,1D-like
2.243,1.571,1D-like
2.345,1.571,1D-like
2.447,1.571,1D-like
2.549,1.571,1D-like
2.651,1.571,1D-like
2.753,1.571,1D-like
2.855,1.571,1D-like
2.957,1.571,1D-like
3.059,1.571,1D-like
3.161,1.571,1D-like
3.263,1.571,1D-like
3.365,1.571,1D-like
3.467,1.571,1D-like
3.569,1.571,1D-like
3.671,1.571,1D-like
3.773,1.571,1D-like
3.876,1.571,1D-like
3.978,1.571,1D-like
4.08,1.571,1D-like
4.182,1.571,1D-like
4.284,1.571,1D-like
4.386,1.571,1D-like
4.488,1.571,1D-like
4.59,1.571,1D-like
4.692,1.571,1D-like
4.794,1.571,1D-like
4.896,1.571,1D-like
4.998,1.571,1D-like
5.1,1.571,1D-like
0.1,1.643,1D-like
0.202,1.643,1D-like
0.304,1.643,1D-like
0.406,1.643,1D-like
0.508,1.643,1D-like
0.61,1.643,1D-like
0.712,1.643,1D-like
0.814,1.643,1D-like
0.916,1.643,1D-like
1.018,1.643,1D-like
1.12,1.643,1D-like
1.222,1.643,1D-like
1.324,1.643,1D-like
1.427,1.643,1D-like
1.529,1.643,1D-like
1.631,1.643,1D-like
1.733,1.643,1D-like
1.835,1.643,1D-like
1.937,1.643,1D-like
2.039,1.643,1D-like
2.141,1.643,1D-like
2.243,1.643,1D-like
2.345,1.643,1D-like
2.447,1.643,1D-like
2.549,1.643,1D-like
2.651,1.643,1D-like
2.753,1.643,1D-like
2.855,1.643,1D-like
2.957,1.643,1D-like
3.059,1.643,1D-like
3.161,1.643,1D-like
3.263,1.643,1D-like
3.365,1.643,1D-like
3.467,1.643,1D-like
3.569,1.643,1D-like
3.671,1.643,1D-like
3.773,1.643,1D-like
3.876,1.643,1D-like
3.978,1.643,1D-like
4.08,1.643,1D-like
4.182,1.643,1D-like
4.284,1.643,1D-like
4.386,1.643,1D-like
4.488,1.643,1D-like
4.59,1.643,1D-like
4.692,1.643,1D-like
4.794,1.643,1D-like
4.896,1.643,1D-like
4.998,1.643,1D-like
5.1,1.643,1D-like
0.1,1.714,1D-like
0.202,1.714,1D-like
0.304,1.714,1D-like
0.406,1.714,1D-like
0.508,1.714,1D-like
0.61,1.714,1D-like
0.712,1.714,1D-like
0.814,1.714,1D-like
0.916,1.714,1D-like
1.018,1.714,1D-like
1.12,1.714,1D-like
1.222,1.714,1D-like
1.324,1.714,1D-like
1.427,1.714,1D-like
1.529,1.714,1D-like
1.631,1.714,1D-like
1.733,1.714,1D-like
1.835,1.714,1D-like
1.937,1.714,1D-like
2.039,1.714,1D-like
2.141,1.714,1D-like
2.243,1.714,1D-like
2.345,1.714,1D-like
2.447,1.714,1D-like
2.549,1.714,1D-like
2.651,1.714,1D-like
2.753,1.714,1D-like
2.855,1.714,1D-like
2.957,1.714,1D-like
3.059,1.714,1D-like
3.161,1.714,1D-like
3.263,1.714,1D-like
3.365,1.714,1D-like
3.467,1.714,1D-like
3.569,1.714,1D-like
3.671,1.714,1D-like
3.773,1.714,1D-like
3.876,1.714,1D-like
3.978,1.714,1D-like
4.08,1.714,1D-like
4.182,1.714,1D-like
4.284,1.714,1D-like
4.386,1.714,1D-like
4.488,1.714,1D-like
4.59,1.714,1D-like
4.692,1.714,1D-like
4.794,1.714,1D-like
4.896,1.714,1D-like
4.998,1.714,1D-like
5.1,1.714,1D-like
0.1,1.786,1D-like
0.202,1.786,1D-like
0.304,1.786,1D-like
0.406,1.786,1D-like
0.508,1.786,1D-like
0.61,1.786,1D-like
0.712,1.786,1D-like
0.814,1.786,1D-like
0.916,1.786,1D-like
1.018,1.786,1D-like
1.12,1.786,1D-like
1.222,1.786,1D-like
1.324,1.786,1D-like
1.427,1.786,1D-like
1.529,1.786,1D-like
1.631,1.786,1D-like
1.733,1.786,1D-like
1.835,1.786,1D-like
1.937,1.786,1D-like
2.039,1.786,1D-like
2.141,1.786,1D-like
2.243,1.786,1D-like
2.345,1.786,1D-like
2.447,1.786,1D-like
2.549,1.786,1D-like
2.651,1.786,1D-like
2.753,1.786,1D-like
2.855,1.786,1D-like
2.957,1.786,1D-like
3.059,1.786,1D-like
3.161,1.786,1D-like
3.263,1.786,1D-like
3.365,1.786,1D-like
3.467,1.786,1D-like
3.569,1.786,1D-like
3.671,1.786,1D-like
3.773,1.786,1D-like
3.876,1.786,1D-like
3.978,1.786,1D-like
4.08,1.786,1D-like
4.182,1.786,1D-like
4.284,1.786,1D-like
4.386,1.786,1D-like
4.488,1.786,1D-like
4.59,1.786,1D-like
4.692,1.786,1D-like
4.794,1.786,1D-like
4.896,1.786,1D-like
4.998,1.786,1D-like
5.1,1.786,1D-like
0.1,1.857,1D-like
0.202,1.857,1D-like
0.304,1.857,1D-like
0.406,1.857,1D-like
0.508,1.857,1D-like
0.61,1.857,1D-like
0.712,1.857,1D-like
0.814,1.857,1D-like
0.916,1.857,1D-like
1.018,1.857,1D-like
1.12,1.857,1D-like
1.222,1.857,1D-like
1.324,1.857,1D-like
1.427,1.857,1D-like
1.529,1.857,1D-like
1.631,1.857,1D-like
1.733,1.857,1D-like
1.835,1.857,1D-like
1.937,1.857,1D-like
2.039,1.857,1D-like
2.141,1.857,1D-like
2.243,1.857,1D-like
2.345,1.857,1D-like
2.447,1.857,1D-like
2.549,1.857,1D-like
2.651,1.857,1D-like
2.753,1.857,1D-like
2.855,1.857,1D-like
2.957,1.857,1D-like
3.059,1.857,1D-like
3.161,1.857,1D-like
3.263,1.857,1D-like
3.365,1.857,1D-like
3.467,1.857,1D-like
3.569,1.857,1D-like
3.671,1.857,1D-like
3.773,1.857,1D-like
3.876,1.857,1D-like
3.978,1.857,1D-like
4.08,1.857,1D-like
4.182,1.857,1D-like
4.284,1.857,1D-like
4.386,1.857,1D-like
4.488,1.857,1D-like
4.59,1.857,1D-like
4.692,1.857,1D-like
4.794,1.857,1D-like
4.896,1.857,1D-like
4.998,1.857,1D-like
5.1,1.857,1D-like
0.1,1.929,1D-like
0.202,1.929,1D-like
0.304,1.929,1D-like
0.406,1.929,1D-like
0.508,1.929,1D-like
0.61,1.929,1D-like
0.712,1.929,1D-like
0.814,1.929,1D-like
0.916,1.929,1D-like
1.018,1.929,1D-like
1.12,1.929,1D-like
1.222,1.929,1D-like
1.324,1.929,1D-like
1.427,1.929,1D-like
1.529,1.929,1D-like
1.631,1.929,1D-like
1.733,1.929,1D-like
1.835,1.929,1D-like
1.937,1.929,1D-like
2.039,1.929,1D-like
2.141,1.929,1D-like
2.243,1.929,1D-like
2.345,1.929,1D-like
2.447,1.929,1D-like
2.549,1.929,1D-like
2.651,1.929,1D-like
2.753,1.929,1D-like
2.855,1.929,1D-like
2.957,1.929,1D-like
3.059,1.929,1D-like
3.161,1.929,1D-like
3.263,1.929,1D-like
3.365,1.929,1D-like
3.467,1.929,1D-like
3.569,1.929,1D-like
3.671,1.929,1D-like
3.773,1.929,1D-like
3.876,1.929,1D-like
3.978,1.929,1D-like
4.08,1.929,1D-like
4.182,1.929,1D-like
4.284,1.929,1D-like
4.386,1.929,1D-like
4.488,1.929,1D-like
4.59,1.929,1D-like
4.692,1.929,1D-like
4.794,1.929,1D-like
4.896,1.929,1D-like
4.998,1.929,1D-like
5.1,1.929,1D-like
0.1,2.0,Quantum
0.202,2.0,Quantum
0.304,2.0,Quantum
0.406,2.0,Quantum
0.508,2.0,Quantum
0.61,2.0,Quantum
0.712,2.0,Quantum
0.814,2.0,Quantum
0.916,2.0,Quantum
1.018,2.0,Thermal
1.12,2.0,Thermal
1.222,2.0,Thermal
1.324,2.0,Thermal
1.427,2.0,Thermal
1.529,2.0,Thermal
1.631,2.0,Thermal
1.733,2.0,Thermal
1.835,2.0,Thermal
1.937,2.0,Thermal
2.039,2.0,Thermal
2.141,2.0,Thermal
2.243,2.0,Thermal
2.345,2.0,Thermal
2.447,2.0,Thermal
2.549,2.0,Thermal
2.651,2.0,Thermal
2.753,2.0,Thermal
2.855,2.0,Thermal
2.957,2.0,Thermal
3.059,2.0,Thermal
3.161,2.0,Thermal
3.263,2.0,Thermal
3.365,2.0,Thermal
3.467,2.0,Thermal
3.569,2.0,Thermal
3.671,2.0,Thermal
3.773,2.0,Thermal
3.876,2.0,Thermal
3.978,2.0,Thermal
4.08,2.0,Thermal
4.182,2.0,Thermal
4.284,2.0,Thermal
4.386,2.0,Thermal
4.488,2.0,Thermal
4.59,2.0,Thermal
4.692,2.0,Thermal
4.794,2.0,Thermal
4.896,2.0,Thermal
4.998,2.0,Thermal
5.1,2.0,Thermal
0.1,2.071,Quantum
0.202,2.071,Quantum
0.304,2.071,Quantum
0.406,2.071,Quantum
0.508,2.071,Quantum
0.61,2.071,Quantum
0.712,2.071,Quantum
0.814,2.071,Quantum
0.916,2.071,Quantum
1.018,2.071,Thermal
1.12,2.071,Thermal
1.222,2.071,Thermal
1.324,2.071,Thermal
1.427,2.071,Thermal
1.529,2.071,Thermal
1.631,2.071,Thermal
1.733,2.071,Thermal
1.835,2.071,Thermal
1.937,2.071,Thermal
2.039,2.071,Thermal
2.141,2.071,Thermal
2.243,2.071,Thermal
2.345,2.071,Thermal
2.447,2.071,Thermal
2.549,2.071,Thermal
2.651,2.071,Thermal
2.753,2.071,Thermal
2.855,2.071,Thermal
2.957,2.071,Thermal
3.059,2.071,Thermal
3.161,2.071,Thermal
3.263,2.071,Thermal
3.365,2.071,Thermal
3.467,2.071,Thermal
3.569,2.071,Thermal
3.671,2.071,Thermal
3.773,2.071,Thermal
3.876,2.071,Thermal
3.978,2.071,Thermal
4.08,2.071,Thermal
4.182,2.071,Thermal
4.284,2.071,Thermal
4.386,2.071,Thermal
4.488,2.071,Thermal
4.59,2.071,Thermal
4.692,2.071,Thermal
4.794,2.071,Thermal
4.896,2.071,Thermal
4.998,2.071,Thermal
5.1,2.071,Thermal
0.1,2.143,Quantum
0.202,2.143,Quantum
0.304,2.143,Quantum
0.406,2.143,Quantum
0.508,2.143,Quantum
0.61,2.143,Quantum
0.712,2.143,Quantum
0.814,2.143,Quantum
0.916,2.143,Quantum
1.018,2.143,Thermal
1.12,2.143,Thermal
1.222,2.143,Thermal
1.324,2.143,Thermal
1.427,2.143,Thermal
1.529,2.143,Thermal
1.631,2.143,Thermal
1.733,2.143,Thermal
1.835,2.143,Thermal
1.937,2.143,Thermal
2.039,2.143,Thermal
2.141,2.143,Thermal
2.243,2.143,Thermal
2.345,2.143,Thermal
2.447,2.143,Thermal
2.549,2.143,Thermal
2.651,2.143,Thermal
2.753,2.143,Thermal
2.855,2.143,Thermal
2.957,2.143,Thermal
3.059,2.143,Thermal
3.161,2.143,Thermal
3.263,2.143,Thermal
3.365,2.143,Thermal
3.467,2.143,Thermal
3.569,2.143,Thermal
3.671,2.143,Thermal
3.773,2.143,Thermal
3.876,2.143,Thermal
3.978,2.143,Thermal
4.08,2.143,Thermal
4.182,2.143,Thermal
4.284,2.143,Thermal
4.386,2.143,Thermal
4.488,2.143,Thermal
4.59,2.143,Thermal
4.692,2.143,Thermal
4.794,2.143,Thermal
4.896,2.143,Thermal
4.998,2.143,Thermal
5.1,2.143,Thermal
0.1,2.214,Quantum
0.202,2.214,Quantum
0.304,2.214,Quantum
0.406,2.214,Quantum
0.508,2.214,Quantum
0.61,2.214,Quantum
0.712,2.214,Quantum
0.814,2.214,Quantum
0.916,2.214,Quantum
1.018,2.214,Thermal
1.12,2.214,Thermal
1.222,2.214,Thermal
1.324,2.214,Thermal
1.427,2.214,Thermal
1.529,2.214,Thermal
1.631,2.214,Thermal
1.733,2.214,Thermal
1.835,2.214,Thermal
1.937,2.214,Thermal
2.039,2.214,Thermal
2.141,2.214,Thermal
2.243,2.214,Thermal
2.345,2.214,Thermal
2.447,2.214,Thermal
2.549,2.214,Thermal
2.651,2.214,Thermal
2.753,2.214,Thermal
2.855,2.214,Thermal
2.957,2.214,Thermal
3.059,2.214,Thermal
3.161,2.214,Thermal
3.263,2.214,Thermal
3.365,2.214,Thermal
3.467,2.214,Thermal
3.569,2.214,Thermal
3.671,2.214,Thermal
3.773,2.214,Thermal
3.876,2.214,Thermal
3.978,2.214,Thermal
4.08,2.214,Thermal
4.182,2.214,Thermal
4.284,2.214,Thermal
4.386,2.214,Thermal
4.488,2.214,Thermal
4.59,2.214,Thermal
4.692,2.214,Thermal
4.794,2.214,Thermal
4.896,2.214,Thermal
4.998,2.214,Thermal
5.1,2.214,Thermal
0.1,2.286,Quantum
0.202,2.286,Quantum
0.304,2.286,Quantum
0.406,2.286,Quantum
0.508,2.286,Quantum
0.61,2.286,Quantum
0.712,2.286,Quantum
0.814,2.286,Quantum
0.916,2.286,Quantum
1.018,2.286,Thermal
1.12,2.286,Thermal
1.222,2.286,Thermal
1.324,2.286,Thermal
1.427,2.286,Thermal
1.529,2.286,Thermal
1.631,2.286,Thermal
1.733,2.286,Thermal
1.835,2.286,Thermal
1.937,2.286,Thermal
2.039,2.286,Thermal
2.141,2.286,Thermal
2.243,2.286,Thermal
2.345,2.286,Thermal
2.447,2.286,Thermal
2.549,2.286,Thermal
2.651,2.286,Thermal
2.753,2.286,Thermal
2.855,2.286,Thermal
2.957,2.286,Thermal
3.059,2.286,Thermal
3.161,2.286,Thermal
3.263,2.286,Thermal
3.365,2.286,Thermal
3.467,2.286,Thermal
3.569,2.286,Thermal
3.671,2.286,Thermal
3.773,2.286,Thermal
3.876,2.286,Thermal
3.978,2.286,Thermal
4.08,2.286,Thermal
4.182,2.286,Thermal
4.284,2.286,Thermal
4.386,2.286,Thermal
4.488,2.286,Thermal
4.59,2.286,Thermal
4.692,2.286,Thermal
4.794,2.286,Thermal
4.896,2.286,Thermal
4.998,2.286,Thermal
5.1,2.286,Thermal
0.1,2.357,Quantum
0.202,2.357,Quantum
0.304,2.357,Quantum
0.406,2.357,Quantum
0.508,2.357,Quantum
0.61,2.357,Quantum
0.712,2.357,Quantum
0.814,2.357,Quantum
0.916,2.357,Quantum
1.018,2.357,Thermal
1.12,2.357,Thermal
1.222,2.357,Thermal
1.324,2.357,Thermal
1.427,2.357,Thermal
1.529,2.357,Thermal
1.631,2.357,Thermal
1.733,2.357,Thermal
1.835,2.357,Thermal
1.937,2.357,Thermal
2.039,2.357,Thermal
2.141,2.357,Thermal
2.243,2.357,Thermal
2.345,2.357,Thermal
2.447,2.357,Thermal
2.549,2.357,Thermal
2.651,2.357,Thermal
2.753,2.357,Thermal
2.855,2.357,Thermal
2.957,2.357,Thermal
3.059,2.357,Thermal
3.161,2.357,Thermal
3.263,2.357,Thermal
3.365,2.357,Thermal
3.467,2.357,Thermal
3.569,2.357,Thermal
3.671,2.357,Thermal
3.773,2.357,Thermal
3.876,2.357,Thermal
3.978,2.357,Thermal
4.08,2.357,Thermal
4.182,2.357,Thermal
4.284,2.357,Thermal
4.386,2.357,Thermal
4.488,2.357,Thermal
4.59,2.357,Thermal
4.692,2.357,Thermal
4.794,2.357,Thermal
4.896,2.357,Thermal
4.998,2.357,Thermal
5.1,2.357,Thermal
0.1,2.429,Quantum
0.202,2.429,Quantum
0.304,2.429,Quantum
0.406,2.429,Quantum
0.508,2.429,Quantum
0.61,2.429,Quantum
0.712,2.429,Quantum
0.814,2.429,Quantum
0.916,2.429,Quantum
1.018,2.429,Thermal
1.12,2.429,Thermal
1.222,2.429,Thermal
1.324,2.429,Thermal
1.427,2.429,Thermal
1.529,2.429,Thermal
1.631,2.429,Thermal
1.733,2.429,Thermal
1.835,2.429,Thermal
1.937,2.429,Thermal
2.039,2.429,Thermal
2.141,2.429,Thermal
2.243,2.429,Thermal
2.345,2.429,Thermal
2.447,2.429,Thermal
2.549,2.429,Thermal
2.651,2.429,Thermal
2.753,2.429,Thermal
2.855,2.429,Thermal
2.957,2.429,Thermal
3.059,2.429,Thermal
3.161,2.429,Thermal
3.263,2.429,Thermal
3.365,2.429,Thermal
3.467,2.429,Thermal
3.569,2.429,Thermal
3.671,2.429,Thermal
3.773,2.429,Thermal
3.876,2.429,Thermal
3.978,2.429,Thermal
4.08,2.429,Thermal
4.182,2.429,Thermal
4.284,2.429,Thermal
4.386,2.429,Thermal
4.488,2.429,Thermal
4.59,2.429,Thermal
4.692,2.429,Thermal
4.794,2.429,Thermal
4.896,2.429,Thermal
4.998,2.429,Thermal
5.1,2.429,Thermal
0.1,2.5,Quantum
0.202,2.5,Quantum
0.304,2.5,Quantum
0.406,2.5,Quantum
0.508,2.5,Quantum
0.61,2.5,Quantum
0.712,2.5,Quantum
0.814,2.5,Quantum
0.916,2.5,Quantum
1.018,2.5,Thermal
1.12,2.5,Thermal
1.222,2.5,Thermal
1.324,2.5,Thermal
1.427,2.5,Thermal
1.529,2.5,Thermal
1.631,2.5,Thermal
1.733,2.5,Thermal
1.835,2.5,Thermal
1.937,2.5,Thermal
2.039,2.5,Thermal
2.141,2.5,Thermal
2.243,2.5,Thermal
2.345,2.5,Thermal
2.447,2.5,Thermal
2.549,2.5,Thermal
2.651,2.5,Thermal
2.753,2.5,Thermal
2.855,2.5,Thermal
2.957,2.5,Thermal
3.059,2.5,Thermal
3.161,2.5,Thermal
3.263,2.5,Thermal
3.365,2.5,Thermal
3.467,2.5,Thermal
3.569,2.5,Thermal
3.671,2.5,Thermal
3.773,2.5,Thermal
3.876,2.5,Thermal
3.978,2.5,Thermal
4.08,2.5,Thermal
4.182,2.5,Thermal
4.284,2.5,Thermal
4.386,2.5,Thermal
4.488,2.5,Thermal
4.59,2.5,Thermal
4.692,2.5,Thermal
4.794,2.5,Thermal
4.896,2.5,Thermal
4.998,2.5,Thermal
5.1,2.5,Thermal
0.1,2.571,Quantum
0.202,2.571,Quantum
0.304,2.571,Quantum
0.406,2.571,Quantum
0.508,2.571,Quantum
0.61,2.571,Quantum
0.712,2.571,Quantum
0.814,2.571,Quantum
0.916,2.571,Quantum
1.018,2.571,Thermal
1.12,2.571,Thermal
1.222,2.571,Thermal
1.324,2.571,Thermal
1.427,2.571,Thermal
1.529,2.571,Thermal
1.631,2.571,Thermal
1.733,2.571,Thermal
1.835,2.571,Thermal
1.937,2.571,Thermal
2.039,2.571,Thermal
2.141,2.571,Thermal
2.243,2.571,Thermal
2.345,2.571,Thermal
2.447,2.571,Thermal
2.549,2.571,Thermal
2.651,2.571,Thermal
2.753,2.571,Thermal
2.855,2.571,Thermal
2.957,2.571,Thermal
3.059,2.571,Thermal
3.161,2.571,Thermal
3.263,2.571,Thermal
3.365,2.571,Thermal
3.467,2.571,Thermal
3.569,2.571,Thermal
3.671,2.571,Thermal
3.773,2.571,Thermal
3.876,2.571,Thermal
3.978,2.571,Thermal
4.08,2.571,Thermal
4.182,2.571,Thermal
4.284,2.571,Thermal
4.386,2.571,Thermal
4.488,2.571,Thermal
4.59,2.571,Thermal
4.692,2.571,Thermal
4.794,2.571,Thermal
4.896,2.571,Thermal
4.998,2.571,Thermal
5.1,2.571,Thermal
0.1,2.643,Quantum
0.202,2.643,Quantum
0.304,2.643,Quantum
0.406,2.643,Quantum
0.508,2.643,Quantum
0.61,2.643,Quantum
0.712,2.643,Quantum
0.814,2.643,Quantum
0.916,2.643,Quantum
1.018,2.643,Thermal
1.12,2.643,Thermal
1.222,2.643,Thermal
1.324,2.643,Thermal
1.427,2.643,Thermal
1.529,2.643,Thermal
1.631,2.643,Thermal
1.733,2.643,Thermal
1.835,2.643,Thermal
1.937,2.643,Thermal
2.039,2.643,Thermal
2.141,2.643,Thermal
2.243,2.643,Thermal
2.345,2.643,Thermal
2.447,2.643,Thermal
2.549,2.643,Thermal
2.651,2.643,Thermal
2.753,2.643,Thermal
2.855,2.643,Thermal
2.957,2.643,Thermal
3.059,2.643,Thermal
3.161,2.643,Thermal
3.263,2.643,Thermal
3.365,2.643,Thermal
3.467,2.643,Thermal
3.569,2.643,Thermal
3.671,2.643,Thermal
3.773,2.643,Thermal
3.876,2.643,Thermal
3.978,2.643,Thermal
4.08,2.643,Thermal
4.182,2.643,Thermal
4.284,2.643,Thermal
4.386,2.643,Thermal
4.488,2.643,Thermal
4.59,2.643,Thermal
4.692,2.643,Thermal
4.794,2.643,Thermal
4.896,2.643,Thermal
4.998,2.643,Thermal
5.1,2.643,Thermal
0.1,2.714,Quantum
0.202,2.714,Quantum
0.304,2.714,Quantum
0.406,2.714,Quantum
0.508,2.714,Quantum
0.61,2.714,Quantum
0.712,2.714,Quantum
0.814,2.714,Quantum
0.916,2.714,Quantum
1.018,2.714,Thermal
1.12,2.714,Thermal
1.222,2.714,Thermal
1.324,2.714,Thermal
1.427,2.714,Thermal
1.529,2.714,Thermal
1.631,2.714,Thermal
1.733,2.714,Thermal
1.835,2.714,Thermal
1.937,2.714,Thermal
2.039,2.714,Thermal
2.141,2.714,Thermal
2.243,2.714,Thermal
2.345,2.714,Thermal
2.447,2.714,Thermal
2.549,2.714,Thermal
2.651,2.714,Thermal
2.753,2.714,Thermal
2.855,2.714,Thermal
2.957,2.714,Thermal
3.059,2.714,Thermal
3.161,2.714,Thermal
3.263,2.714,Thermal
3.365,2.714,Thermal
3.467,2.714,Thermal
3.569,2.714,Thermal
3.671,2.714,Thermal
3.773,2.714,Thermal
3.876,2.714,Thermal
3.978,2.714,Thermal
4.08,2.714,Thermal
4.182,2.714,Thermal
4.284,2.714,Thermal
4.386,2.714,Thermal
4.488,2.714,Thermal
4.59,2.714,Thermal
4.692,2.714,Thermal
4.794,2.714,Thermal
4.896,2.714,Thermal
4.998,2.714,Thermal
5.1,2.714,Thermal
0.1,2.786,Quantum
0.202,2.786,Quantum
0.304,2.786,Quantum
0.406,2.786,Quantum
0.508,2.786,Quantum
0.61,2.786,Quantum
0.712,2.786,Quantum
0.814,2.786,Quantum
0.916,2.786,Quantum
1.018,2.786,Thermal
1.12,2.786,Thermal
1.222,2.786,Thermal
1.324,2.786,Thermal
1.427,2.786,Thermal
1.529,2.786,Thermal
1.631,2.786,Thermal
1.733,2.786,Thermal
1.835,2.786,Thermal
1.937,2.786,Thermal
2.039,2.786,Thermal
2.141,2.786,Thermal
2.243,2.786,Thermal
2.345,2.786,Thermal
2.447,2.786,Thermal
2.549,2.786,Thermal
2.651,2.786,Thermal
2.753,2.786,Thermal
2.855,2.786,Thermal
2.957,2.786,Thermal
3.059,2.786,Thermal
3.161,2.786,Thermal
3.263,2.786,Thermal
3.365,2.786,Thermal
3.467,2.786,Thermal
3.569,2.786,Thermal
3.671,2.786,Thermal
3.773,2.786,Thermal
3.876,2.786,Thermal
3.978,2.786,Thermal
4.08,2.786,Thermal
4.182,2.786,Thermal
4.284,2.786,Thermal
4.386,2.786,Thermal
4.488,2.786,Thermal
4.59,2.786,Thermal
4.692,2.786,Thermal
4.794,2.786,Thermal
4.896,2.786,Thermal
4.998,2.786,Thermal
5.1,2.786,Thermal
0.1,2.857,Quantum
0.202,2.857,Quantum
0.304,2.857,Quantum
0.406,2.857,Quantum
0.508,2.857,Quantum
0.61,2.857,Quantum
0.712,2.857,Quantum
0.814,2.857,Quantum
0.916,2.857,Quantum
1.018,2.857,Thermal
1.12,2.857,Thermal
1.222,2.857,Thermal
1.324,2.857,Thermal
1.427,2.857,Thermal
1.529,2.857,Thermal
1.631,2.857,Thermal
1.733,2.857,Thermal
1.835,2.857,Thermal
1.937,2.857,Thermal
2.039,2.857,Thermal
2.141,2.857,Thermal
2.243,2.857,Thermal
2.345,2.857,Thermal
2.447,2.857,Thermal
2.549,2.857,Thermal
2.651,2.857,Thermal
2.753,2.857,Thermal
2.855,2.857,Thermal
2.957,2.857,Thermal
3.059,2.857,Thermal
3.161,2.857,Thermal
3.263,2.857,Thermal
3.365,2.857,Thermal
3.467,2.857,Thermal
3.569,2.857,Thermal
3.671,2.857,Thermal
3.773,2.857,Thermal
3.876,2.857,Thermal
3.978,2.857,Thermal
4.08,2.857,Thermal
4.182,2.857,Thermal
4.284,2.857,Thermal
4.386,2.857,Thermal
4.488,2.857,Thermal
4.59,2.857,Thermal
4.692,2.857,Thermal
4.794,2.857,Thermal
4.896,2.857,Thermal
4.998,2.857,Thermal
5.1,2.857,Thermal
0.1,2.929,Quantum
0.202,2.929,Quantum
0.304,2.929,Quantum
0.406,2.929,Quantum
0.508,2.929,Quantum
0.61,2.929,Quantum
0.712,2.929,Quantum
0.814,2.929,Quantum
0.916,2.929,Quantum
1.018,2.929,Thermal
1.12,2.929,Thermal
1.222,2.929,Thermal
1.324,2.929,Thermal
1.427,2.929,Thermal
1.529,2.929,Thermal
1.631,2.929,Thermal
1.733,2.929,Thermal
1.835,2.929,Thermal
1.937,2.929,Thermal
2.039,2.929,Thermal
2.141,2.929,Thermal
2.243,2.929,Thermal
2.345,2.929,Thermal
2.447,2.929,Thermal
2.549,2.929,Thermal
2.651,2.929,Thermal
2.753,2.929,Thermal
2.855,2.929,Thermal
2.957,2.929,Thermal
3.059,2.929,Thermal
3.161,2.929,Thermal
3.263,2.929,Thermal
3.365,2.929,Thermal
3.467,2.929,Thermal
3.569,2.929,Thermal
3.671,2.929,Thermal
3.773,2.929,Thermal
3.876,2.929,Thermal
3.978,2.929,Thermal
4.08,2.929,Thermal
4.182,2.929,Thermal
4.284,2.929,Thermal
4.386,2.929,Thermal
4.488,2.929,Thermal
4.59,2.929,Thermal
4.692,2.929,Thermal
4.794,2.929,Thermal
4.896,2.929,Thermal
4.998,2.929,Thermal
5.1,2.929,Thermal
0.1,3.0,Critical
0.202,3.0,Critical
0.304,3.0,Critical
0.406,3.0,Critical
0.508,3.0,Critical
0.61,3.0,Critical
0.712,3.0,Critical
0.814,3.0,Critical
0.916,3.0,Critical
1.018,3.0,Critical
1.12,3.0,Critical
1.222,3.0,Critical
1.324,3.0,Critical
1.427,3.0,Critical
1.529,3.0,Critical
1.631,3.0,Critical
1.733,3.0,Critical
1.835,3.0,Critical
1.937,3.0,Critical
2.039,3.0,Disordered
2.141,3.0,Disordered
2.243,3.0,Disordered
2.345,3.0,Disordered
2.447,3.0,Disordered
2.549,3.0,Disordered
2.651,3.0,Disordered
2.753,3.0,Disordered
2.855,3.0,Disordered
2.957,3.0,Disordered
3.059,3.0,Disordered
3.161,3.0,Disordered
3.263,3.0,Disordered
3.365,3.0,Disordered
3.467,3.0,Disordered
3.569,3.0,Disordered
3.671,3.0,Disordered
3.773,3.0,Disordered
3.876,3.0,Disordered
3.978,3.0,Disordered
4.08,3.0,Disordered
4.182,3.0,Disordered
4.284,3.0,Disordered
4.386,3.0,Disordered
4.488,3.0,Disordered
4.59,3.0,Disordered
4.692,3.0,Disordered
4.794,3.0,Disordered
4.896,3.0,Disordered
4.998,3.0,Disordered
5.1,3.0,Disordered
0.1,3.071,Critical
0.202,3.071,Critical
0.304,3.071,Critical
0.406,3.071,Critical
0.508,3.071,Critical
0.61,3.071,Critical
0.712,3.071,Critical
0.814,3.071,Critical
0.916,3.071,Critical
1.018,3.071,Critical
1.12,3.071,Critical
1.222,3.071,Critical
1.324,3.071,Critical
1.427,3.071,Critical
1.529,3.071,Critical
1.631,3.071,Critical
1.733,3.071,Critical
1.835,3.071,Critical
1.937,3.071,Critical
2.039,3.071,Disordered
2.141,3.071,Disordered
2.243,3.071,Disordered
2.345,3.071,Disordered
2.447,3.071,Disordered
2.549,3.071,Disordered
2.651,3.071,Disordered
2.753,3.071,Disordered
2.855,3.071,Disordered
2.957,3.071,Disordered
3.059,3.071,Disordered
3.161,3.071,Disordered
3.263,3.071,Disordered
3.365,3.071,Disordered
3.467,3.071,Disordered
3.569,3.071,Disordered
3.671,3.071,Disordered
3.773,3.071,Disordered
3.876,3.071,Disordered
3.978,3.071,Disordered
4.08,3.071,Disordered
4.182,3.071,Disordered
4.284,3.071,Disordered
4.386,3.071,Disordered
4.488,3.071,Disordered
4.59,3.071,Disordered
4.692,3.071,Disordered
4.794,3.071,Disordered
4.896,3.071,Disordered
4.998,3.071,Disordered
5.1,3.071,Disordered
0.1,3.143,Critical
0.202,3.143,Critical
0.304,3.143,Critical
0.406,3.143,Critical
0.508,3.143,Critical
0.61,3.143,Critical
0.712,3.143,Critical
0.814,3.143,Critical
0.916,3.143,Critical
1.018,3.143,Critical
1.12,3.143,Critical
1.222,3.143,Critical
1.324,3.143,Critical
1.427,3.143,Critical
1.529,3.143,Critical
1.631,3.143,Critical
1.733,3.143,Critical
1.835,3.143,Critical
1.937,3.143,Critical
2.039,3.143,Disordered
2.141,3.143,Disordered
2.243,3.143,Disordered
2.345,3.143,Disordered
2.447,3.143,Disordered
2.549,3.143,Disordered
2.651,3.143,Disordered
2.753,3.143,Disordered
2.855,3.143,Disordered
2.957,3.143,Disordered
3.059,3.143,Disordered
3.161,3.143,Disordered
3.263,3.143,Disordered
3.365,3.143,Disordered
3.467,3.143,Disordered
3.569,3.143,Disordered
3.671,3.143,Disordered
3.773,3.143,Disordered
3.876,3.143,Disordered
3.978,3.143,Disordered
4.08,3.143,Disordered
4.182,3.143,Disordered
4.284,3.143,Disordered
4.386,3.143,Disordered
4.488,3.143,Disordered
4.59,3.143,Disordered
4.692,3.143,Disordered
4.794,3.143,Disordered
4.896,3.143,Disordered
4.998,3.143,Disordered
5.1,3.143,Disordered
0.1,3.214,Critical
0.202,3.214,Critical
0.304,3.214,Critical
0.406,3.214,Critical
0.508,3.214,Critical
0.61,3.214,Critical
0.712,3.214,Critical
0.814,3.214,Critical
0.916,3.214,Critical
1.018,3.214,Critical
1.12,3.214,Critical
1.222,3.214,Critical
1.324,3.214,Critical
1.427,3.214,Critical
1.529,3.214,Critical
1.631,3.214,Critical
1.733,3.214,Critical
1.835,3.214,Critical
1.937,3.214,Critical
2.039,3.214,Disordered
2.141,3.214,Disordered
2.243,3.214,Disordered
2.345,3.214,Disordered
2.447,3.214,Disordered
2.549,3.214,Disordered
2.651,3.214,Disordered
2.753,3.214,Disordered
2.855,3.214,Disordered
2.957,3.214,Disordered
3.059,3.214,Disordered
3.161,3.214,Disordered
3.263,3.214,Disordered
3.365,3.214,Disordered
3.467,3.214,Disordered
3.569,3.214,Disordered
3.671,3.214,Disordered
3.773,3.214,Disordered
3.876,3.214,Disordered
3.978,3.214,Disordered
4.08,3.214,Disordered
4.182,3.214,Disordered
4.284,3.214,Disordered
4.386,3.214,Disordered
4.488,3.214,Disordered
4.59,3.214,Disordered
4.692,3.214,Disordered
4.794,3.214,Disordered
4.896,3.214,Disordered
4.998,3.214,Disordered
5.1,3.214,Disordered
0.1,3.286,Critical
0.202,3.286,Critical
0.304,3.286,Critical
0.406,3.286,Critical
0.508,3.286,Critical
0.61,3.286,Critical
0.712,3.286,Critical
0.814,3.286,Critical
0.916,3.286,Critical
1.018,3.286,Critical
1.12,3.286,Critical
1.222,3.286,Critical
1.324,3.286,Critical
1.427,3.286,Critical
1.529,3.286,Critical
1.631,3.286,Critical
1.733,3.286,Critical
1.835,3.286,Critical
1.937,3.286,Critical
2.039,3.286,Disordered
2.141,3.286,Disordered
2.243,3.286,Disordered
2.345,3.286,Disordered
2.447,3.286,Disordered
2.549,3.286,Disordered
2.651,3.286,Disordered
2.753,3.286,Disordered
2.855,3.286,Disordered
2.957,3.286,Disordered
3.059,3.286,Disordered
3.161,3.286,Disordered
3.263,3.286,Disordered
3.365,3.286,Disordered
3.467,3.286,Disordered
3.569,3.286,Disordered
3.671,3.286,Disordered
3.773,3.286,Disordered
3.876,3.286,Disordered
3.978,3.286,Disordered
4.08,3.286,Disordered
4.182,3.286,Disordered
4.284,3.286,Disordered
4.386,3.286,Disordered
4.488,3.286,Disordered
4.59,3.286,Disordered
4.692,3.286,Disordered
4.794,3.286,Disordered
4.896,3.286,Disordered
4.998,3.286,Disordered
5.1,3.286,Disordered
0.1,3.357,Critical
0.202,3.357,Critical
0.304,3.357,Critical
0.406,3.357,Critical
0.508,3.357,Critical
0.61,3.357,Critical
0.712,3.357,Critical
0.814,3.357,Critical
0.916,3.357,Critical
1.018,3.357,Critical
1.12,3.357,Critical
1.222,3.357,Critical
1.324,3.357,Critical
1.427,3.357,Critical
1.529,3.357,Critical
1.631,3.357,Critical
1.733,3.357,Critical
1.835,3.357,Critical
1.937,3.357,Critical
2.039,3.357,Disordered
2.141,3.357,Disordered
2.243,3.357,Disordered
2.345,3.357,Disordered
2.447,3.357,Disordered
2.549,3.357,Disordered
2.651,3.357,Disordered
2.753,3.357,Disordered
2.855,3.357,Disordered
2.957,3.357,Disordered
3.059,3.357,Disordered
3.161,3.357,Disordered
3.263,3.357,Disordered
3.365,3.357,Disordered
3.467,3.357,Disordered
3.569,3.357,Disordered
3.671,3.357,Disordered
3.773,3.357,Disordered
3.876,3.357,Disordered
3.978,3.357,Disordered
4.08,3.357,Disordered
4.182,3.357,Disordered
4.284,3.357,Disordered
4.386,3.357,Disordered
4.488,3.357,Disordered
4.59,3.357,Disordered
4.692,3.357,Disordered
4.794,3.357,Disordered
4.896,3.357,Disordered
4.998,3.357,Disordered
5.1,3.357,Disordered
0.1,3.429,Critical
0.202,3.429,Critical
0.304,3.429,Critical
0.406,3.429,Critical
0.508,3.429,Critical
0.61,3.429,Critical
0.712,3.429,Critical
0.814,3.429,Critical
0.916,3.429,Critical
1.018,3.429,Critical
1.12,3.429,Critical
1.222,3.429,Critical
1.324,3.429,Critical
1.427,3.429,Critical
1.529,3.429,Critical
1.631,3.429,Critical
1.733,3.429,Critical
1.835,3.429,Critical
1.937,3.429,Critical
2.039,3.429,Disordered
2.141,3.429,Disordered
2.243,3.429,Disordered
2.345,3.429,Disordered
2.447,3.429,Disordered
2.549,3.429,Disordered
2.651,3.429,Disordered
2.753,3.429,Disordered
2.855,3.429,Disordered
2.957,3.429,Disordered
3.059,3.429,Disordered
3.161,3.429,Disordered
3.263,3.429,Disordered
3.365,3.429,Disordered
3.467,3.429,Disordered
3.569,3.429,Disordered
3.671,3.429,Disordered
3.773,3.429,Disordered
3.876,3.429,Disordered
3.978,3.429,Disordered
4.08,3.429,Disordered
4.182,3.429,Disordered
4.284,3.429,Disordered
4.386,3.429,Disordered
4.488,3.429,Disordered
4.59,3.429,Disordered
4.692,3.429,Disordered
4.794,3.429,Disordered
4.896,3.429,Disordered
4.998,3.429,Disordered
5.1,3.429,Disordered
0.1,3.5,Critical
0.202,3.5,Critical
0.304,3.5,Critical
0.406,3.5,Critical
0.508,3.5,Critical
0.61,3.5,Critical
0.712,3.5,Critical
0.814,3.5,Critical
0.916,3.5,Critical
1.018,3.5,Critical
1.12,3.5,Critical
1.222,3.5,Critical
1.324,3.5,Critical
1.427,3.5,Critical
1.529,3.5,Critical
1.631,3.5,Critical
1.733,3.5,Critical
1.835,3.5,Critical
1.937,3.5,Critical
2.039,3.5,Disordered
2.141,3.5,Disordered
2.243,3.5,Disordered
2.345,3.5,Disordered
2.447,3.5,Disordered
2.549,3.5,Disordered
2.651,3.5,Disordered
2.753,3.5,Disordered
2.855,3.5,Disordered
2.957,3.5,Disordered
3.059,3.5,Disordered
3.161,3.5,Disordered
3.263,3.5,Disordered
3.365,3.5,Disordered
3.467,3.5,Disordered
3.569,3.5,Disordered
3.671,3.5,Disordered
3.773,3.5,Disordered
3.876,3.5,Disordered
3.978,3.5,Disordered
4.08,3.5,Disordered
4.182,3.5,Disordered
4.284,3.5,Disordered
4.386,3.5,Disordered
4.488,3.5,Disordered
4.59,3.5,Disordered
4.692,3.5,Disordered
4.794,3.5,Disordered
4.896,3.5,Disordered
4.998,3.5,Disordered
5.1,3.5,Disordered
0.1,3.571,Critical
0.202,3.571,Critical
0.304,3.571,Critical
0.406,3.571,Critical
0.508,3.571,Critical
0.61,3.571,Critical
0.712,3.571,Critical
0.814,3.571,Critical
0.916,3.571,Critical
1.018,3.571,Critical
1.12,3.571,Critical
1.222,3.571,Critical
1.324,3.571,Critical
1.427,3.571,Critical
1.529,3.571,Critical
1.631,3.571,Critical
1.733,3.571,Critical
1.835,3.571,Critical
1.937,3.571,Critical
2.039,3.571,Disordered
2.141,3.571,Disordered
2.243,3.571,Disordered
2.345,3.571,Disordered
2.447,3.571,Disordered
2.549,3.571,Disordered
2.651,3.571,Disordered
2.753,3.571,Disordered
2.855,3.571,Disordered
2.957,3.571,Disordered
3.059,3.571,Disordered
3.161,3.571,Disordered
3.263,3.571,Disordered
3.365,3.571,Disordered
3.467,3.571,Disordered
3.569,3.571,Disordered
3.671,3.571,Disordered
3.773,3.571,Disordered
3.876,3.571,Disordered
3.978,3.571,Disordered
4.08,3.571,Disordered
4.182,3.571,Disordered
4.284,3.571,Disordered
4.386,3.571,Disordered
4.488,3.571,Disordered
4.59,3.571,Disordered
4.692,3.571,Disordered
4.794,3.571,Disordered
4.896,3.571,Disordered
4.998,3.571,Disordered
5.1,3.571,Disordered
0.1,3.643,Critical
0.202,3.643,Critical
0.304,3.643,Critical
0.406,3.643,Critical
0.508,3.643,Critical
0.61,3.643,Critical
0.712,3.643,Critical
0.814,3.643,Critical
0.916,3.643,Critical
1.018,3.643,Critical
1.12,3.643,Critical
1.222,3.643,Critical
1.324,3.643,Critical
1.427,3.643,Critical
1.529,3.643,Critical
1.631,3.643,Critical
1.733,3.643,Critical
1.835,3.643,Critical
1.937,3.643,Critical
2.039,3.643,Disordered
2.141,3.643,Disordered
2.243,3.643,Disordered
2.345,3.643,Disordered
2.447,3.643,Disordered
2.549,3.643,Disordered
2.651,3.643,Disordered
2.753,3.643,Disordered
2.855,3.643,Disordered
2.957,3.643,Disordered
3.059,3.643,Disordered
3.161,3.643,Disordered
3.263,3.643,Disordered
3.365,3.643,Disordered
3.467,3.643,Disordered
3.569,3.643,Disordered
3.671,3.643,Disordered
3.773,3.643,Disordered
3.876,3.643,Disordered
3.978,3.643,Disordered
4.08,3.643,Disordered
4.182,3.643,Disordered
4.284,3.643,Disordered
4.386,3.643,Disordered
4.488,3.643,Disordered
4.59,3.643,Disordered
4.692,3.643,Disordered
4.794,3.643,Disordered
4.896,3.643,Disordered
4.998,3.643,Disordered
5.1,3.643,Disordered
0.1,3.714,Critical
0.202,3.714,Critical
0.304,3.714,Critical
0.406,3.714,Critical
0.508,3.714,Critical
0.61,3.714,Critical
0.712,3.714,Critical
0.814,3.714,Critical
0.916,3.714,Critical
1.018,3.714,Critical
1.12,3.714,Critical
1.222,3.714,Critical
1.324,3.714,Critical
1.427,3.714,Critical
1.529,3.714,Critical
1.631,3.714,Critical
1.733,3.714,Critical
1.835,3.714,Critical
1.937,3.714,Critical
2.039,3.714,Disordered
2.141,3.714,Disordered
2.243,3.714,Disordered
2.345,3.714,Disordered
2.447,3.714,Disordered
2.549,3.714,Disordered
2.651,3.714,Disordered
2.753,3.714,Disordered
2.855,3.714,Disordered
2.957,3.714,Disordered
3.059,3.714,Disordered
3.161,3.714,Disordered
3.263,3.714,Disordered
3.365,3.714,Disordered
3.467,3.714,Disordered
3.569,3.714,Disordered
3.671,3.714,Disordered
3.773,3.714,Disordered
3.876,3.714,Disordered
3.978,3.714,Disordered
4.08,3.714,Disordered
4.182,3.714,Disordered
4.284,3.714,Disordered
4.386,3.714,Disordered
4.488,3.714,Disordered
4.59,3.714,Disordered
4.692,3.714,Disordered
4.794,3.714,Disordered
4.896,3.714,Disordered
4.998,3.714,Disordered
5.1,3.714,Disordered
0.1,3.786,Critical
0.202,3.786,Critical
0.304,3.786,Critical
0.406,3.786,Critical
0.508,3.786,Critical
0.61,3.786,Critical
0.712,3.786,Critical
0.814,3.786,Critical
0.916,3.786,Critical
1.018,3.786,Critical
1.12,3.786,Critical
1.222,3.786,Critical
1.324,3.786,Critical
1.427,3.786,Critical
1.529,3.786,Critical
1.631,3.786,Critical
1.733,3.786,Critical
1.835,3.786,Critical
1.937,3.786,Critical
2.039,3.786,Disordered
2.141,3.786,Disordered
2.243,3.786,Disordered
2.345,3.786,Disordered
2.447,3.786,Disordered
2.549,3.786,Disordered
2.651,3.786,Disordered
2.753,3.786,Disordered
2.855,3.786,Disordered
2.957,3.786,Disordered
3.059,3.786,Disordered
3.161,3.786,Disordered
3.263,3.786,Disordered
3.365,3.786,Disordered
3.467,3.786,Disordered
3.569,3.786,Disordered
3.671,3.786,Disordered
3.773,3.786,Disordered
3.876,3.786,Disordered
3.978,3.786,Disordered
4.08,3.786,Disordered
4.182,3.786,Disordered
4.284,3.786,Disordered
4.386,3.786,Disordered
4.488,3.786,Disordered
4.59,3.786,Disordered
4.692,3.786,Disordered
4.794,3.786,Disordered
4.896,3.786,Disordered
4.998,3.786,Disordered
5.1,3.786,Disordered
0.1,3.857,Critical
0.202,3.857,Critical
0.304,3.857,Critical
0.406,3.857,Critical
0.508,3.857,Critical
0.61,3.857,Critical
0.712,3.857,Critical
0.814,3.857,Critical
0.916,3.857,Critical
1.018,3.857,Critical
1.12,3.857,Critical
1.222,3.857,Critical
1.324,3.857,Critical
1.427,3.857,Critical
1.529,3.857,Critical
1.631,3.857,Critical
1.733,3.857,Critical
1.835,3.857,Critical
1.937,3.857,Critical
2.039,3.857,Disordered
2.141,3.857,Disordered
2.243,3.857,Disordered
2.345,3.857,Disordered
2.447,3.857,Disordered
2.549,3.857,Disordered
2.651,3.857,Disordered
2.753,3.857,Disordered
2.855,3.857,Disordered
2.957,3.857,Disordered
3.059,3.857,Disordered
3.161,3.857,Disordered
3.263,3.857,Disordered
3.365,3.857,Disordered
3.467,3.857,Disordered
3.569,3.857,Disordered
3.671,3.857,Disordered
3.773,3.857,Disordered
3.876,3.857,Disordered
3.978,3.857,Disordered
4.08,3.857,Disordered
4.182,3.857,Disordered
4.284,3.857,Disordered
4.386,3.857,Disordered
4.488,3.857,Disordered
4.59,3.857,Disordered
4.692,3.857,Disordered
4.794,3.857,Disordered
4.896,3.857,Disordered
4.998,3.857,Disordered
5.1,3.857,Disordered
0.1,3.929,Critical
0.202,3.929,Critical
0.304,3.929,Critical
0.406,3.929,Critical
0.508,3.929,Critical
0.61,3.929,Critical
0.712,3.929,Critical
0.814,3.929,Critical
0.916,3.929,Critical
1.018,3.929,Critical
1.12,3.929,Critical
1.222,3.929,Critical
1.324,3.929,Critical
1.427,3.929,Critical
1.529,3.929,Critical
1.631,3.929,Critical
1.733,3.929,Critical
1.835,3.929,Critical
1.937,3.929,Critical
2.039,3.929,Disordered
2.141,3.929,Disordered
2.243,3.929,Disordered
2.345,3.929,Disordered
2.447,3.929,Disordered
2.549,3.929,Disordered
2.651,3.929,Disordered
2.753,3.929,Disordered
2.855,3.929,Disordered
2.957,3.929,Disordered
3.059,3.929,Disordered
3.161,3.929,Disordered
3.263,3.929,Disordered
3.365,3.929,Disordered
3.467,3.929,Disordered
3.569,3.929,Disordered
3.671,3.929,Disordered
3.773,3.929,Disordered
3.876,3.929,Disordered
3.978,3.929,Disordered
4.08,3.929,Disordered
4.182,3.929,Disordered
4.284,3.929,Disordered
4.386,3.929,Disordered
4.488,3.929,Disordered
4.59,3.929,Disordered
4.692,3.929,Disordered
4.794,3.929,Disordered
4.896,3.929,Disordered
4.998,3.929,Disordered
5.1,3.929,Disordered
0.1,4.0,4D
0.202,4.0,4D
0.304,4.0,4D
0.406,4.0,4D
0.508,4.0,4D
0.61,4.0,4D
0.712,4.0,4D
0.814,4.0,4D
0.916,4.0,4D
1.018,4.0,4D
1.12,4.0,4D
1.222,4.0,4D
1.324,4.0,4D
1.427,4.0,4D
1.529,4.0,4D
1.631,4.0,4D
1.733,4.0,4D
1.835,4.0,4D
1.937,4.0,4D
2.039,4.0,4D
2.141,4.0,4D
2.243,4.0,4D
2.345,4.0,4D
2.447,4.0,4D
2.549,4.0,4D
2.651,4.0,4D
2.753,4.0,4D
2.855,4.0,4D
2.957,4.0,4D
3.059,4.0,4D
3.161,4.0,4D
3.263,4.0,4D
3.365,4.0,4D
3.467,4.0,4D
3.569,4.0,4D
3.671,4.0,4D
3.773,4.0,4D
3.876,4.0,4D
3.978,4.0,4D
4.08,4.0,4D
4.182,4.0,4D
4.284,4.0,4D
4.386,4.0,4D
4.488,4.0,4D
4.59,4.0,4D
4.692,4.0,4D
4.794,4.0,4D
4.896,4.0,4D
4.998,4.0,4D
5.1,4.0,4D
0.1,4.071,4D
0.202,4.071,4D
0.304,4.071,4D
0.406,4.071,4D
0.508,4.071,4D
0.61,4.071,4D
0.712,4.071,4D
0.814,4.071,4D
0.916,4.071,4D
1.018,4.071,4D
1.12,4.071,4D
1.222,4.071,4D
1.324,4.071,4D
1.427,4.071,4D
1.529,4.071,4D
1.631,4.071,4D
1.733,4.071,4D
1.835,4.071,4D
1.937,4.071,4D
2.039,4.071,4D
2.141,4.071,4D
2.243,4.071,4D
2.345,4.071,4D
2.447,4.071,4D
2.549,4.071,4D
2.651,4.071,4D
2.753,4.071,4D
2.855,4.071,4D
2.957,4.071,4D
3.059,4.071,4D
3.161,4.071,4D
3.263,4.071,4D
3.365,4.071,4D
3.467,4.071,4D
3.569,4.071,4D
3.671,4.071,4D
3.773,4.071,4D
3.876,4.071,4D
3.978,4.071,4D
4.08,4.071,4D
4.182,4.071,4D
4.284,4.071,4D
4.386,4.071,4D
4.488,4.071,4D
4.59,4.071,4D
4.692,4.071,4D
4.794,4.071,4D
4.896,4.071,4D
4.998,4.071,4D
5.1,4.071,4D
0.1,4.143,4D
0.202,4.143,4D
0.304,4.143,4D
0.406,4.143,4D
0.508,4.143,4D
0.61,4.143,4D
0.712,4.143,4D
0.814,4.143,4D
0.916,4.143,4D
1.018,4.143,4D
1.12,4.143,4D
1.222,4.143,4D
1.324,4.143,4D
1.427,4.143,4D
1.529,4.143,4D
1.631,4.143,4D
1.733,4.143,4D
1.835,4.143,4D
1.937,4.143,4D
2.039,4.143,4D
2.141,4.143,4D
2.243,4.143,4D
2.345,4.143,4D
2.447,4.143,4D
2.549,4.143,4D
2.651,4.143,4D
2.753,4.143,4D
2.855,4.143,4D
2.957,4.143,4D
3.059,4.143,4D
3.161,4.143,4D
3.263,4.143,4D
3.365,4.143,4D
3.467,4.143,4D
3.569,4.143,4D
3.671,4.143,4D
3.773,4.143,4D
3.876,4.143,4D
3.978,4.143,4D
4.08,4.143,4D
4.182,4.143,4D
4.284,4.143,4D
4.386,4.143,4D
4.488,4.143,4D
4.59,4.143,4D
4.692,4.143,4D
4.794,4.143,4D
4.896,4.143,4D
4.998,4.143,4D
5.1,4.143,4D
0.1,4.214,4D
0.202,4.214,4D
0.304,4.214,4D
0.406,4.214,4D
0.508,4.214,4D
0.61,4.214,4D
0.712,4.214,4D
0.814,4.214,4D
0.916,4.214,4D
1.018,4.214,4D
1.12,4.214,4D
1.222,4.214,4D
1.324,4.214,4D
1.427,4.214,4D
1.529,4.214,4D
1.631,4.214,4D
1.733,4.214,4D
1.835,4.214,4D
1.937,4.214,4D
2.039,4.214,4D
2.141,4.214,4D
2.243,4.214,4D
2.345,4.214,4D
2.447,4.214,4D
2.549,4.214,4D
2.651,4.214,4D
2.753,4.214,4D
2.855,4.214,4D
2.957,4.214,4D
3.059,4.214,4D
3.161,4.214,4D
3.263,4.214,4D
3.365,4.214,4D
3.467,4.214,4D
3.569,4.214,4D
3.671,4.214,4D
3.773,4.214,4D
3.876,4.214,4D
3.978,4.214,4D
4.08,4.214,4D
4.182,4.214,4D
4.284,4.214,4D
4.386,4.214,4D
4.488,4.214,4D
4.59,4.214,4D
4.692,4.214,4D
4.794,4.214,4D
4.896,4.214,4D
4.998,4.214,4D
5.1,4.214,4D
0.1,4.286,4D
0.202,4.286,4D
0.304,4.286,4D
0.406,4.286,4D
0.508,4.286,4D
0.61,4.286,4D
0.712,4.286,4D
0.814,4.286,4D
0.916,4.286,4D
1.018,4.286,4D
1.12,4.286,4D
1.222,4.286,4D
1.324,4.286,4D
1.427,4.286,4D
1.529,4.286,4D
1.631,4.286,4D
1.733,4.286,4D
1.835,4.286,4D
1.937,4.286,4D
2.039,4.286,4D
2.141,4.286,4D
2.243,4.286,4D
2.345,4.286,4D
2.447,4.286,4D
2.549,4.286,4D
2.651,4.286,4D
2.753,4.286,4D
2.855,4.286,4D
2.957,4.286,4D
3.059,4.286,4D
3.161,4.286,4D
3.263,4.286,4D
3.365,4.286,4D
3.467,4.286,4D
3.569,4.286,4D
3.671,4.286,4D
3.773,4.286,4D
3.876,4.286,4D
3.978,4.286,4D
4.08,4.286,4D
4.182,4.286,4D
4.284,4.286,4D
4.386,4.286,4D
4.488,4.286,4D
4.59,4.286,4D
4.692,4.286,4D
4.794,4.286,4D
4.896,4.286,4D
4.998,4.286,4D
5.1,4.286,4D
0.1,4.357,4D
0.202,4.357,4D
0.304,4.357,4D
0.406,4.357,4D
0.508,4.357,4D
0.61,4.357,4D
0.712,4.357,4D
0.814,4.357,4D
0.916,4.357,4D
1.018,4.357,4D
1.12,4.357,4D
1.222,4.357,4D
1.324,4.357,4D
1.427,4.357,4D
1.529,4.357,4D
1.631,4.357,4D
1.733,4.357,4D
1.835,4.357,4D
1.937,4.357,4D
2.039,4.357,4D
2.141,4.357,4D
2.243,4.357,4D
2.345,4.357,4D
2.447,4.357,4D
2.549,4.357,4D
2.651,4.357,4D
2.753,4.357,4D
2.855,4.357,4D
2.957,4.357,4D
3.059,4.357,4D
3.161,4.357,4D
3.263,4.357,4D
3.365,4.357,4D
3.467,4.357,4D
3.569,4.357,4D
3.671,4.357,4D
3.773,4.357,4D
3.876,4.357,4D
3.978,4.357,4D
4.08,4.357,4D
4.182,4.357,4D
4.284,4.357,4D
4.386,4.357,4D
4.488,4.357,4D
4.59,4.357,4D
4.692,4.357,4D
4.794,4.357,4D
4.896,4.357,4D
4.998,4.357,4D
5.1,4.357,4D
0.1,4.429,4D
0.202,4.429,4D
0.304,4.429,4D
0.406,4.429,4D
0.508,4.429,4D
0.61,4.429,4D
0.712,4.429,4D
0.814,4.429,4D
0.916,4.429,4D
1.018,4.429,4D
1.12,4.429,4D
1.222,4.429,4D
1.324,4.429,4D
1.427,4.429,4D
1.529,4.429,4D
1.631,4.429,4D
1.733,4.429,4D
1.835,4.429,4D
1.937,4.429,4D
2.039,4.429,4D
2.141,4.429,4D
2.243,4.429,4D
2.345,4.429,4D
2.447,4.429,4D
2.549,4.429,4D
2.651,4.429,4D
2.753,4.429,4D
2.855,4.429,4D
2.957,4.429,4D
3.059,4.429,4D
3.161,4.429,4D
3.263,4.429,4D
3.365,4.429,4D
3.467,4.429,4D
3.569,4.429,4D
3.671,4.429,4D
3.773,4.429,4D
3.876,4.429,4D
3.978,4.429,4D
4.08,4.429,4D
4.182,4.429,4D
4.284,4.429,4D
4.386,4.429,4D
4.488,4.429,4D
4.59,4.429,4D
4.692,4.429,4D
4.794,4.429,4D
4.896,4.429,4D
4.998,4.429,4D
5.1,4.429,4D
0.1,4.5,4D
0.202,4.5,4D
0.304,4.5,4D
0.406,4.5,4D
0.508,4.5,4D
0.61,4.5,4D
0.712,4.5,4D
0.814,4.5,4D
0.916,4.5,4D
1.018,4.5,4D
1.12,4.5,4D
1.222,4.5,4D
1.324,4.5,4D
1.427,4.5,4D
1.529,4.5,4D
1.631,4.5,4D
1.733,4.5,4D
1.835,4.5,4D
1.937,4.5,4D
2.039,4.5,4D
2.141,4.5,4D
2.243,4.5,4D
2.345,4.5,4D
2.447,4.5,4D
2.549,4.5,4D
2.651,4.5,4D
2.753,4.5,4D
2.855,4.5,4D
2.957,4.5,4D
3.059,4.5,4D
3.161,4.5,4D
3.263,4.5,4D
3.365,4.5,4D
3.467,4.5,4D
3.569,4.5,4D
3.671,4.5,4D
3.773,4.5,4D
3.876,4.5,4D
3.978,4.5,4D
4.08,4.5,4D
4.182,4.5,4D
4.284,4.5,4D
4.386,4.5,4D
4.488,4.5,4D
4.59,4.5,4D
4.692,4.5,4D
4.794,4.5,4D
4.896,4.5,4D
4.998,4.5,4D
5.1,4.5,4D
